<?xml version="1.0" encoding="UTF-8"?>
<!DOCTYPE hibernate-configuration PUBLIC  
          "-//Hibernate/Hibernate Configuration DTD 5.3//EN"  
          "http://hibernate.sourceforge.net/hibernate-configuration-5.3.dtd">  
<hibernate-configuration>
    <session-factory>
        <!-- Database connection settings -->
        
        <property name="connection.driver_class">com.mysql.cj.jdbc.Driver</property>
        <property name="connection.url">jdbc:mysql://localhost:3306/sample</property>
        <property name="connection.username">root</property>
        <property name="connection.password">manager</property>
 
        <property name="connection.pool_size">10</property>

        <!-- SQL dialect -->
  <!-- <property name="hibernate.cache.use_second_level_cache">false</property> -->
   <property name="dialect">org.hibernate.dialect.MySQLDialect</property>
   <property name="show_sql">true</property>
  
   
  <mapping class="com.pack.Student"/>
  <mapping class="com.pack.Address"/>
    </session-factory>
</hibernate-configuration>  